ts	phase	decision	why	evidence	result
2026-09-13T22:43:08Z	frame	Preserve captured implementation and add effect-port	Compare behavior without changing the existing package or live state	effect-port/docs/plan.md	open
2026-09-13T22:45:16Z	baseline	Baseline suite passes with local fixture sockets permitted	Sandbox denied socket creation; same unchanged tests pass outside that restriction	effect-port/evidence/baseline-tests-unsandboxed.txt	VERIFIED: 108 tests
2026-09-13T22:45:16Z	dependencies	Pin Effect 4.0.0-rc.112 in a private separate package	Preserve root Node and Zod dependency contract	effect-port/bun.lock	VERIFIED: installed version
2026-09-13T22:50:03Z	design	Define a data-only extension catalog with exact parent references	Ideas can be derived without dynamic code loading or authority grants	effect-port/docs/extensions.md	design recorded; implementation pending
2026-09-13T22:55:08Z	architecture	Choose synchronous SQLite authority with genuine Effect orchestration	Preserve durable semantics while changing lifecycle ownership; reject new event-sourced storage	effect-port/docs/architecture.md	selected; independent review pending
2026-09-13T22:57:46Z	verification	Require actual captured model as the differential oracle	The first harness redirected both implementations; a copied reference weakens the comparison	effect-port/tests/model-parity.test.ts	gate repair in progress
2026-09-13T22:57:46Z	artifacts	Port artifact and Git codecs while preserving durable file behavior	Unchanged captured tests exercise snapshots, tamper detection and Git drift against port source	effect-port/evidence/artifacts-git-tests.txt	VERIFIED: 2 captured tests
2026-09-13T23:00:01Z	model	Model schemas match the actual captured Zod implementation in differential cases	A namespaced oracle import keeps baseline distinct from port code	effect-port/evidence/model-extensions-tests.txt	VERIFIED: 6 model tests and 5 extension tests
2026-09-13T23:00:01Z	architecture	Independent Sol review agrees with architecture A plus no-replay matrix	Avoid new persistence semantics and acknowledge callback and credential limitations	effect-port/docs/architecture-review.md	reviewed; same-family limitation retained
2026-09-13T23:04:47Z	tooling	Install Effect ts-go LSP and verify a deliberate floating Effect diagnostic	User requested native Effect diagnostics and TS-Go; official setup patched only port TypeScript binary	effect-port/evidence/diagnostics-smoke.json	VERIFIED: error detected and nonzero exit
2026-09-13T23:37:29Z	VERIFY	Staged package and Schema parity review	Prove CLI artifacts, SQL worker, SDK boundary and JS optional semantics separately	evidence/package-smoke.json; evidence/port-full-tests.txt; docs/final-review.md	Staged package smoke passed; full run156/157 pending metadata repair; review optional undefined fixes underway
2026-09-13T23:37:29Z	DELEGATE	Sonnet 5 anti-slop worker	User requested Dillon Mulroy latest Effect anti-slop rules via Marionette	job_fa0518a7-40a0-494d-901c-5737081bb9fb; attempt_cfc52cc7-af19-4647-b328-f0cd79b4cae4	Native running confirmed; first trust-blocked launch closed and settled before fresh attempt; user approved repository trust
2026-09-13T23:37:29Z	VERIFY	Preserve initial checkout changes	Original implementation remains comparison baseline	baseline-source.json; /tmp/marionette-effect-initial.patch; /tmp/marionette-effect-current.patch	85 hashes verified and tracked dirty patch byte-identical
2026-09-13T23:53:22Z	VERIFY	Final automated and live verification	Keep native execution evidence separate from fixture and provider failure outcomes	evidence/port-full-tests.txt; evidence/package-smoke.json; evidence/live-native-outcome.json	162/162 automated checks passed; actual native launch/prompt passed; provider rejected task before worker execution; failed lead report rejected and attempt settled; whole parity INCONCLUSIVE
